{
  "project_info": {
    "project_number": "421493906162",
    "firebase_url": "https://techlab-f0e8a.firebaseio.com",
    "project_id": "techlab",
    "storage_bucket": "techlab.appspot.com"
  },
  "client": [
    {
      "client_info": {
        "mobilesdk_app_id": "1:421493906162:android:447bd36fd1580839",
        "android_client_info": {
          "package_name": "com.example.loginsystem"
        }
      },
      "oauth_client": [
        {
          "client_id": "421493906162-sst2m87s09jcrh4t9obkdgi5b3f30vi4.apps.googleusercontent.com",
          "client_type": 1,
          "android_info": {
            "package_name": "com.example.loginsystem",
            "certificate_hash": "675c52a63166e9add438a0682ce7ed352040184e"
          }
        },
        {
          "client_id": "421493906162-t0vrtl25783pp3kup4vi1e6vs4q3e5ot.apps.googleusercontent.com",
          "client_type": 3
        }
      ],
      "api_key": [
        {
          "current_key": "AIzaSyCb6jsJipcuFnHDRXb7skeq6LPffEt6M0Q"
        }
      ],
      "services": {
        "analytics_service": {
          "status": 1
        },
        "appinvite_service": {
          "status": 2,
          "other_platform_oauth_client": [
            {
              "client_id": "421493906162-t0vrtl25783pp3kup4vi1e6vs4q3e5ot.apps.googleusercontent.com",
              "client_type": 3
            }
          ]
        },
        "ads_service": {
          "status": 2
        }
      }
    }
  ],
  "configuration_version": "1"
}